Query_ID	Target_ID	Optimal_offset	p-value	E-value	q-value	Overlap	Query_consensus	Target_consensus	Orientation
filter2	Hsf1p&consensus=NGAANNNNNNNGAANNNNNNNGAAN	0	5.9442e-06	0.00435115	0.0087023	24	TTACTTTTTTTTTTTTTTTTTTTT	TTTCTTTTTTTTTCTTTTTTTTTCT	-
filter30	Nhp6bp&consensus=txtHHtWatATatWaWaxD	-4	1.38167e-05	0.0101138	0.0120789	19	ATTTTTTATATTATATATATATTA	ATTATAATATATAAAAATA	-
filter30	Nhp6ap&consensus=DxatttttATATAtaRDtxa	-4	1.74299e-05	0.0127587	0.0120789	20	ATTTTTTATATTATATATATATTA	ATATTTTTATATATAAATTA	+
filter30	Sum1p&consensus=HxxaWAWWWWWWTWxtaH	-7	2.95839e-05	0.0216554	0.0120789	17	ATTTTTTATATTATATATATATTA	ATATAAAAAAAATATTTA	-
filter30	Hsf1p&consensus=NGAANNNNNNNGAANNNNNNNGAAN	0	3.32232e-05	0.0243194	0.0120789	24	ATTTTTTATATTATATATATATTA	TTTCTTTTTTTTTCTTTTTTTTTCT	-
filter30	Sfl1p&consensus=tHxHDxataGAAGaaataWDW	-3	0.000210463	0.154059	0.0382587	21	ATTTTTTATATTATATATATATTA	AAATATTTCTTCTATTAATAA	-
filter34	Nhp6bp&consensus=txtHHtWatATatWaWaxD	-5	4.36948e-07	0.000319846	0.00063588	19	ATATATATATATATATATAATATA	TTTAATAATATATAAAATA	+
filter34	Sum1p&consensus=HxxaWAWWWWWWTWxtaH	-5	2.50936e-05	0.0183685	0.0133779	18	ATATATATATATATATATAATATA	ATTAAAAAAAAATATTAA	+
filter34	Nhp6ap&consensus=DxatttttATATAtaRDtxa	-4	2.75781e-05	0.0201872	0.0133779	20	ATATATATATATATATATAATATA	ATATTTTTATATATAAATTA	+
filter39	Nhp6ap&consensus=DxatttttATATAtaRDtxa	1	2.97421e-05	0.0217712	0.0434623	19	TATATATATATATATGTATAAGAA	TTAATTATATATAAAAATTA	-
filter40	Nhp6bp&consensus=txtHHtWatATatWaWaxD	-5	2.2553e-05	0.0165088	0.0191556	19	AAATCTATATATAATATACAGATA	ATTATAATATATAAAAATA	-
filter40	Sum1p&consensus=HxxaWAWWWWWWTWxtaH	1	6.38386e-05	0.0467299	0.0310532	17	AAATCTATATATAATATACAGATA	ATTAAAAAAAAATATTAA	+
filter44	Sum1p&consensus=HxxaWAWWWWWWTWxtaH	-2	8.87073e-06	0.00649338	0.0117892	18	TTATAATAATTAAACATTAAAAGA	ATTAAAAAAAAATATTAA	+
filter49	Nhp6bp&consensus=txtHHtWatATatWaWaxD	0	4.78126e-06	0.00349988	0.00696767	19	TATTATAATATATTATATATATAT	TTTAATAATATATAAAATA	+
filter49	Sum1p&consensus=HxxaWAWWWWWWTWxtaH	-1	3.52124e-05	0.0257755	0.0256573	18	TATTATAATATATTATATATATAT	ATATAAAAAAAATATTTA	-
filter49	Hsf1p&consensus=NGAANNNNNNNGAANNNNNNNGAAN	-1	0.00013034	0.0954086	0.0474855	23	TATTATAATATATTATATATATAT	TTTCTTTTTTTTTCTTTTTTTTTCT	-
filter57	Rfx1p&consensus=CTATTGCTGCAAC	-11	1.62608e-06	0.00119029	0.00237946	13	CTGCTTCTTTCACTGCAGCAATGG	GTTGCAGCAATAG	-

# Tomtom (Motif Comparison Tool): Version 5.5.2 compiled on May  4 2023 at 11:06:47
# The format of this file is described at https://meme-suite.org/meme/doc/tomtom-output-format.html.
# tomtom -dist pearson -thresh 0.05 -oc results_mix/tomtom results_mix/filters_meme.txt Motif_database/YEASTRACT_20130918.meme
